"21,11/28/08 22:44,John,Hoy,xhnebenz@jumpstartlab.com,5126732000,300 E 30th St Apt 304,Austin,TX,78705
","33,12/4/08 13:02,Curtis,Bailey,nuchanzg@jumpstartlab.com,214.794.2000,1121 Fleming Ct.,Glenn Heights,TX,75154
","60,12/8/08 10:27,Rose,Lemle,ucler.magnuson@jumpstartlab.com,8323312000,3610 Shady Village Dr,Kingwood,TX,77345
","61,12/8/08 14:29,Amanda,Monroe,ygckar_e@jumpstartlab.com,2816585000,5815 west harrow drive,houston,TX,77084
","103,12/8/08 21:30,Tara,Wolforf,djczy1pm@jumpstartlab.com,9567931000,1001 N. Dowling St.,San Benito,TX,78586
","114,12/10/08 12:24,Anna,Brodie,dtcfadden@jumpstartlab.com,2144775000,3713 Cumberland Ln.,Grand Prairie,TX,75052
","115,12/10/08 16:37,Emilu,Stamieszkin,ggi115@jumpstartlab.com,512 374 4000,4553 Guadalupe St. #B203,AUSTIN,TX,78751
","158,12/15/08 14:57,Bridget,Hazzard,uueppig@jumpstartlab.com,512.983.5000,9805 Anderson Mill Rd,Austin,TX,78750
","205,12/17/08 13:51,Summer Rayne,Straussman,vduchee@jumpstartlab.com,6095586000,4611 Grass Fight,San Antonio,TX,78253
","239,12/17/08 22:14,Geoff,O'Brien,bbweinberger@jumpstartlab.com,8327948000,4989 E. Ridge Creek Drive,Houston,TX,77053
","339,12/19/08 10:16,Sierra,Andre,xs.stephaniejh@jumpstartlab.com,3109024000,5104 Knights Court,Flower Mound,TX,75022
","368,12/19/08 13:04,Jon,Wilson,xyseton@jumpstartlab.com,5122947000,6663 White Marsh Valley Walk,Austin,TX,78746
","438,12/19/08 18:36,Lillian,Chen,fwter@jumpstartlab.com,210 865 3000,200 E. 33rd St.,Austin,TX,78705
","457,12/20/08 0:10,Casey,Saenz,yrlanie.shapiro@jumpstartlab.com,2817701000,15919 Viney Creek Dr,Houston,TX,77095
","693,1/6/09 15:45,Rachel,Eyerer,vbs114bev@jumpstartlab.com,214.212.1000,200 E. 33rd St,Austin,TX,78705
","770,1/15/09 14:27,Dusty,Van rossem,ogm@jumpstartlab.com,4692262000,2101 Harvey Mitchell,College Station,TX,77840
","852,1/18/09 17:43,Paige,Griffin,bharsky@jumpstartlab.com,4807477000,5320 W Auden St,Houston,TX,77005
","1040,1/20/09 20:27,Dakota,Kearns,bjmit389@jumpstartlab.com,5128181000,""SU Box 6880, 1001 University Ave"",Georgetown,TX,78626
","1044,1/20/09 20:32,Anna,Silvestri,trrothma@jumpstartlab.com,512.470.6000,2410 Hartford Rd,Austin,TX,78703
","1048,1/20/09 20:36,Kasey,Reaves,tuofferm@jumpstartlab.com,5128181000,""SU Box 6671, 1001 University Ave"",Georgetown,TX,78626
","1057,1/20/09 20:56,Stephanie,Miao,vnul5@jumpstartlab.com,2104134000,1001 E. University Ave Su Box 6993,Georgetown,TX,78626
","1058,1/20/09 20:56,Matt,Van Noppen,dvin.anne.hutton@jumpstartlab.com,5129444000,1001 E University Ave SU Box 6458,Georgetown,TX,78626
","1060,1/20/09 20:57,Justin,Kessler,keeinman@jumpstartlab.com,7138226000,1001 E. University Avenue,Georgetown,TX,78626
","1064,1/20/09 21:09,Kassie,Anca,hakhail6@jumpstartlab.com,5128189000,1001 E. University / Su Box 7111,Georgetown,TX,78626
","1068,1/20/09 21:18,Kyle,Ayres,dbooper@jumpstartlab.com,2142236000,701 S. College Street,Georgetown,TX,78626
","1087,1/20/09 21:55,Cody,Atkinson,aqmcroff@jumpstartlab.com,8066787000,1001 E University 6990,Georgetown,TX,78626
","1105,1/20/09 22:11,Devon,Dresch,xcrenemorley@jumpstartlab.com,(505) 3624000,""S.U. Box 6514, 1001 E. University Ave."",Georgetown,TX,78626
","1162,1/20/09 22:58,Michael,Burt,mqckenzie.odonnell@jumpstartlab.com,5052631000,6340 Main Street,Houston,TX,77005
","1183,1/20/09 23:11,Aaron,Seay,ukessee@jumpstartlab.com,3016131000,7123 Leader Street,Houston,TX,77074
","1224,1/20/09 23:49,Clifton,Ranganathan,gsmanthakatebailey@jumpstartlab.com,2814357000,""SU box 6655, 1001 E University Ave"",Georgetown,TX,78626
","1256,1/21/09 0:21,R.E.,Stephan,unhanson@jumpstartlab.com,7139248000,6360 Main St.,Houston,TX,77005
","1261,1/21/09 0:34,Christina-Alexa,Kajer,kdexandra.n.adler@jumpstartlab.com,9012626000,""1001 E. University Ave, McCombs Center, SU Box 3648"",Georgetown,TX,78626
","1467,1/21/09 16:41,Sarah,Goblirsch,upeller@jumpstartlab.com,9564637000,1001 E. University Ave.,Georgetown,TX,78626
","1516,1/21/09 17:58,Kelly,Calder,uj2@jumpstartlab.com,(956) 6880000,302 N. Montevideo Ave Apt#4,Edinburg,TX,78541
","1936,1/21/09 22:02,Null,Heshan,gibing@jumpstartlab.com,8584059000,3001 s congress ave,austin,TX,78704
","1991,1/21/09 22:20,Robin,Mylius,darkju01@jumpstartlab.com,3615498000,3001 S. Congress Ave.,Austin,TX,78704
","2074,1/21/09 22:39,Joseph,Thompson,kw@jumpstartlab.com,8176753000,4813 Whistler Dr,Fort Worth,TX,76133
","2233,1/21/09 23:19,Mary,Jolly,fxmasterson@jumpstartlab.com,9566395000,520 Woodward Ave. Apt. 1634,Austin,TX,78704
","2279,1/21/09 23:32,Anne,Begaye,uogan.venable@jumpstartlab.com,2819073000,23 Sunset Blvd,Houston,TX,77005
","2533,1/22/09 2:21,Sara,Pilati,oudmon32@jumpstartlab.com,2102530000,5811 Silent Meadow,San Antonio,TX,78250
","2619,1/25/09 1:41,Rebecca,Burnett,dpd2@jumpstartlab.com,5125776000,SU Box 6696,Georgetown,TX,78626
","2637,1/26/09 11:21,Cassie,Goldman,fcg@jumpstartlab.com,9564454000,130 Guadalupe Flores Rd,Sullivan City,TX,78595
","2643,1/26/09 15:24,Anne,Webb,vulanie.rubin@jumpstartlab.com,4699519000,4204 Enchanted Rock Ln,Keller,TX,76248
","2740,1/27/09 21:18,Huini (Sarry),Roberts,fallie_k@jumpstartlab.com,4054739000,6304 Berkeley Cove,Austin,TX,78745
","2819,1/28/09 20:24,Dan,Terry,fealvi@jumpstartlab.com,8179990000,1001 E University Ave,Georgetown,TX,78626
","2858,1/29/09 13:35,Hanna,Detwiler,rronk@jumpstartlab.com,9542431000,2018 Avenue R,Huntsville,TX,77340
","2904,1/29/09 15:27,Rebecca,Ortega,wurubin2@jumpstartlab.com,8459887000,2716 Rosecliff Terrace,Grapevine,TX,76051
","3000,1/30/09 10:21,Brian,Buzek,etbs@jumpstartlab.com,5126595000,1710A E 16th St,Austin,TX,78702
","3005,1/30/09 10:38,Valerie,Renville,bt@jumpstartlab.com,7143255000,4305 Duval St,Austin,TX,78751
","3013,1/30/09 10:53,Ya'ara,Williams,geigwood@jumpstartlab.com,2144772000,2509 Pearl St #2,Austin,TX,78705
","3018,1/30/09 10:59,Madeline,Claus,ffssica.t.rush@jumpstartlab.com,9798487000,2612 Guadalupe Apt 511,Austin,TX,78705
","3023,1/30/09 11:10,Dan,Oaks,uwostow@jumpstartlab.com,5128097000,200 E 33rd St,Austin,TX,78705
","3028,1/30/09 11:17,Pam,Johnston,ctchelc23@jumpstartlab.com,2149127000,""101 E 33rd St, #102"",Austin,TX,78705
","3031,1/30/09 11:22,Sadie,Sofer,qpisokiguess@jumpstartlab.com,4097711000,1909 Nueces,Austin,TX,78705
","3138,1/30/09 14:16,Emily,Giesche,psm07g@jumpstartlab.com,(512) 9218000,8727 Huebner Road,San Antonio,TX,78240
","3343,1/30/09 17:51,Kyle,Schachter,ccd1782@jumpstartlab.com,(915) 2401000,15651 Chase Hill Blvd apt. 1902,San Antonio,TX,78256
","3519,1/31/09 15:10,Cleo,Blocher,fcerdera@jumpstartlab.com,4096738000,M 160 2 Commons Lobby,College Station,TX,77840
","3578,1/31/09 15:52,Diana,Berger,laent@jumpstartlab.com,2813848000,6685 utsa blvd,San Antonio,TX,78249
","3989,2/1/09 7:17,Pamela,Burkhalter,kdavelich@jumpstartlab.com,7348877000,44 East Avenue Suite 200,Austin,TX,78701
","4273,2/1/09 17:41,Jill,Hale,wiaywhoor@jumpstartlab.com,9858599000,9 Sunset Blvd,Houston,TX,77005
","4590,2/1/09 21:14,Jane,Serpe,vdizzy922@jumpstartlab.com,9095035000,44 East Ave Suite 200,Auston,TX,78702
","4643,2/1/09 21:30,Abe,Morfei,fdrah.axelrath@jumpstartlab.com,5129136000,44 East Avenue Suite 200,Austin,TX,78701
","4914,2/1/09 23:28,Emily,Farrell,tgka@jumpstartlab.com,2144059000,3001 S. Congress Ave.,Austin,TX,78704
","5042,2/2/09 0:16,Gabrielle,Funkle,by4312@jumpstartlab.com,8022874000,4804 Dry Oak TRail,Austin,TX,78747
"
"54,12/7/08 14:20,Rachel,Full,axal.mike88@jumpstartlab.com,520 400 3000,622 N Treat Ave,Tucson,AZ,85716
","75,12/8/08 20:43,Amy,Axe,lfeflore@jumpstartlab.com,(702) 5889000,2800 S Highland Mesa Dr,Flagstaff,AZ,86001
","718,1/8/09 15:26,Abu,Ruthenberg-Marshall,xtearns@jumpstartlab.com,4808624000,730 n kachina,Mesa,AZ,85203
","1514,1/21/09 17:55,Charlie,Boxer,jkpudlock@jumpstartlab.com,9286375000,200 S. Leroux Suite 202,Flagstaff,AZ,86001
","1517,1/21/09 17:59,Sidny,Douglas,xfleason89@jumpstartlab.com,9285563000,200 S. Leroux,Flagstaff,AZ,86001
","1518,1/21/09 18:03,Ana,Richards,mgans_j@jumpstartlab.com,9285563000,200 S. Leroux,Flagstaff,AZ,86001
","1521,1/21/09 18:07,Travis,Strelsin,dnorda10@jumpstartlab.com,9285563000,200 S. Leroux,Flagstaff,AZ,86001
","1523,1/21/09 18:10,Mark,Katz,cnowan1@jumpstartlab.com,9285563000,PO Box 1429,Winslow,AZ,86047
","1524,1/21/09 18:12,Alexandra,Colwell,egHOUG11@jumpstartlab.com,9285563000,200 S. Leroux,Flagstaff,AZ,86001
","1527,1/21/09 18:14,Cassandra,Lerback,kxacobson@jumpstartlab.com,9285563000,PO Box 460,Fort Defiance,AZ,86504
","1529,1/21/09 18:19,Catherine,Pellowe,regarlic@jumpstartlab.com,9285563000,PO Box 1403,Window Rock,AZ,86515
","1532,1/21/09 18:21,Visvesvaran,Muldoon,ucyantj@jumpstartlab.com,9285563000,PO Box 1403,Window Rock,AZ,86515
","1537,1/21/09 18:28,Kelly,Ver Burg,mjkritig@jumpstartlab.com,9285563000,200 S. Leroux,Flagstaff,AZ,86001
","1540,1/21/09 18:31,Jennifer,Theodorou,bqtandtrue@jumpstartlab.com,9285563000,200 S. Leroux,Flagstaff,AZ,86001
","1541,1/21/09 18:33,Ben,Powell,qnulghum@jumpstartlab.com,9285563000,200 S. Leroux,Flagstaff,AZ,86001
","1542,1/21/09 18:35,Lukas,Thelen,lpris.jacobs@jumpstartlab.com,9285563000,HC 63 Box 257,Winslow,AZ,86047
","1544,1/21/09 18:38,Jordan,Bookstein,vwsephl@jumpstartlab.com,9285563000,200 S. Leroux,Flagstaff,AZ,86001
","1548,1/21/09 18:41,Ashley,Macmillan,cxswift08@jumpstartlab.com,9285563000,200 S. Leroux,Flagstaff,AZ,86001
","1549,1/21/09 18:44,Patrick,Moeller,susluder10@jumpstartlab.com,9285563000,200 S. Leroux,Flagstaff,AZ,86001
","1553,1/21/09 18:48,Theresa,Hudson,vubintliff@jumpstartlab.com,9285563000,200 S. Leroux,Flagstaff,AZ,86001
","1572,1/21/09 19:00,Joe,Rothenberg,bmhanson21@jumpstartlab.com,9285563000,HC 63 Box 257,Winslow,AZ,86047
","1586,1/21/09 19:07,Jane,Hastings,ufra.r.hutton@jumpstartlab.com,9285563000,200 S. Leroux,Flagstaff,AZ,86001
","1591,1/21/09 19:10,Eva,Smith,kxrahesterman@jumpstartlab.com,9285563000,200 S. Leroux,Flagstaff,AZ,86001
","1604,1/21/09 19:14,Courtney,Grossmann,qmra@jumpstartlab.com,9285563000,200 S. Leroux,Flagstaff,AZ,86001
","2437,1/22/09 0:17,X,McNerney,lxlotsky@jumpstartlab.com,7203275000,7413 e. buena terra way,Scottsdale,AZ,85250
","2500,1/22/09 0:46,Susan,Heron,kvrlymac88@jumpstartlab.com,6023003000,620 N. 2nd Ave,Phoenix,AZ,85003
","2950,1/29/09 20:04,Michele,Roseman,dng07e@jumpstartlab.com,9286007000,4865 E. Pebble Beach Dr.,Flagstaff,AZ,86004
","5027,2/2/09 0:05,Andrew,Cook,kuzelray720@jumpstartlab.com,4848326000,112 E. Foothill Dr,Phoenix,AZ,12504
"
"650,1/5/09 23:52,Sami,Smith,codru20c@jumpstartlab.com,9086428000,9 Booth St.,Burlington,VT,05401
","805,1/15/09 18:55,Matthew,Smith,vfkrystelwhittemore@jumpstartlab.com,5034423000,917 SW Oak Suite 208,Portland,OR,97205
","844,1/17/09 19:07,Christiaan,Smith,oougheml@jumpstartlab.com,919.622.0000,5228 Christain Dr,Wilmington,NC,28403
","1142,1/20/09 22:42,Eddie,Smith,wsossa@jumpstartlab.com,7407076000,21 South Lancaster,Athens,OH,45701
","1345,1/21/09 13:32,Sara,Smith,axydyss@jumpstartlab.com,6513360000,2800 Grand Avenue S #207,Minneapolis,MN,55408
","1435,1/21/09 16:15,Jared,Smith,iooldman3@jumpstartlab.com,(330)3409000,103 Blackwood Dr.,Carrboro,NC,27510
","1591,1/21/09 19:10,Eva,Smith,kxrahesterman@jumpstartlab.com,9285563000,200 S. Leroux,Flagstaff,AZ,86001
","1706,1/21/09 20:26,Rachel,Smith,tfe@jumpstartlab.com,7164620000,""Box 5056, 10 MacVittie Circle"",Geneseo,NY,14454
","1802,1/21/09 21:05,Clare,Smith,lginiramneek@jumpstartlab.com,5103163000,PO box 164,alameda,CA,94501
","1871,1/21/09 21:32,Avery,Smith,ajanepa@jumpstartlab.com,8652018000,1421 Blake Hill Way apt. #711,Knoxville,TN,37916
","1968,1/21/09 22:13,Lauren,Smith,mvvenglar@jumpstartlab.com,3213566000,849 Antonette Ave.,Winter Park,FL,32789
","2018,1/21/09 22:26,Kimberly,Smith,pgmongus@jumpstartlab.com,8102523000,111 No Road,Mount Pleasant,MI,48858
","2210,1/21/09 23:08,Dante,Smith,xmenngall@jumpstartlab.com,716 450 4000,8691 E Main St,Clymer,NY,14724
","2241,1/21/09 23:22,Ginger,Smith,uqurgess@jumpstartlab.com,5628109000,2250 Patterson St,Eugene,OR,97405
","2346,1/21/09 23:49,Maureen,Smith,uxutterupham@jumpstartlab.com,3103461000,2512 Hrvard Yard Mail Center,Cambridge,MA,02138
","2390,1/22/09 0:01,Darcy,Smith,abarr44@jumpstartlab.com,5415799000,1648 Alder St,Eugene,OR,97401
","2531,1/22/09 2:09,Jennifer,Smith,ggnny.kless@jumpstartlab.com,8585315000,7665 Palmilla Dr. #5416,San Diego,CA,92122
","2654,1/26/09 17:52,Leon,Smith,toewis09@jumpstartlab.com,6198185000,1480 Broadway #2524,San Diego,CA,92101
","3034,1/30/09 11:26,Cassidy,Smith,vxurengill@jumpstartlab.com,6173650000,3003 n charles st,Baltimore,MD,21218
","3049,1/30/09 12:01,Christina,Smith,ranesk@jumpstartlab.com,6517267000,408 St Peter Street Suite 220,St Paul,MN,55102
","3344,1/30/09 17:51,Selenia,Smith,dnnvig1@jumpstartlab.com,5405395000,1701 College Ave.,Fredericksburg,VA,22401
","3525,1/31/09 15:18,Susan,Smith,yaupolt@jumpstartlab.com,2023166000,4576 Middlebury College,Middlebury,VT,05753
","3550,1/31/09 15:34,Elizabeth,Smith,jclparadise.gray@jumpstartlab.com,8023700000,9 booth st.,burlington,VT,05401
","4018,2/1/09 11:02,Sam,Smith,fberpa@jumpstartlab.com,(952)2501000,Box 2470 Gettysburg College,Gettysburg,PA,17325
","4105,2/1/09 14:33,Marty,Smith,bnssanelder@jumpstartlab.com,7049959000,506 N. Greensboro St. Apt 9,Carrboro,NC,27510
","4116,2/1/09 14:41,Kasey,Smith,yochellejcoker@jumpstartlab.com,(202) 5880000,1727 Massachusetts Ave NW,Washington,DC,20036
","4206,2/1/09 16:40,Danielle,Smith,vjlem285@jumpstartlab.com,(248) 9828000,4075 South Isabella Rd,Mt. Pleasant,MI,48858
","4217,2/1/09 16:50,Thomas,Smith,vsss.wall@jumpstartlab.com,(716)8122000,371 Student Union,Amherst,NY,14261
","4396,2/1/09 19:24,Scott,Smith,rvshaw@jumpstartlab.com,9202772000,908 Michigan Ave. Apt B,Stevens Point,WI,54481
","4502,2/1/09 20:28,Loric,Smith,gjyrnes@jumpstartlab.com,5074121000,112 B Coate Hall 1405 Farwell St.,La Crosse,WI,54601
","4723,2/1/09 22:01,Kate,Smith,nkn@jumpstartlab.com,843 5308000,1400 Greene Street,Columbia,SC,29225
","4861,2/1/09 23:11,Meg,Smith,jy379@jumpstartlab.com,3013184000,5024 Berwyn Road,College Park,MD,20740
","5010,2/1/09 23:58,Dara,Smith,fwoga_trout@jumpstartlab.com,7032173000,205 W Washington St,Lexington,VA,24450
","5095,2/2/09 1:42,Stephanie,Smith,yjssale@jumpstartlab.com,(415) 4972000,300 Meadow Way,San Geronimo,CA,94963
","5122,2/2/09 8:40,Solomon,Smith,lriedmann.joshua@jumpstartlab.com,336.317.1000,5 Roswell Ct.,Greensboro,NC,27408
"
